{
  "hash": "7b8a58d0",
  "browserHash": "8b9984f6",
  "optimized": {
    "vue": {
      "src": "../../../../node_modules/.pnpm/vue@3.3.4/node_modules/vue/dist/vue.runtime.esm-bundler.js",
      "file": "vue.js",
      "fileHash": "f26a920f",
      "needsInterop": false
    },
    "vitepress > @vue/devtools-api": {
      "src": "../../../../node_modules/.pnpm/@vue+devtools-api@6.5.0/node_modules/@vue/devtools-api/lib/esm/index.js",
      "file": "vitepress___@vue_devtools-api.js",
      "fileHash": "43f7ff25",
      "needsInterop": false
    },
    "vitepress > minisearch": {
      "src": "../../../../node_modules/.pnpm/minisearch@6.1.0/node_modules/minisearch/dist/es/index.js",
      "file": "vitepress___minisearch.js",
      "fileHash": "e78aa116",
      "needsInterop": false
    },
    "@theme/index": {
      "src": "../../../../node_modules/.pnpm/vitepress@1.0.0-beta.6_@algolia+client-search@4.19.1_search-insights@2.7.0/node_modules/vitepress/dist/client/theme-default/index.js",
      "file": "@theme_index.js",
      "fileHash": "0ac28b24",
      "needsInterop": false
    }
  },
  "chunks": {
    "chunk-67UUJLDS": {
      "file": "chunk-67UUJLDS.js"
    }
  }
}